{
    "mtx": [
        [
            699.3778103158815,
            0.0,
            345.6059345433618
        ],
        [
            0.0,
            677.71612263935344,
            207.12741326228522
        ],
        [
            0.0,
            0.0,
            1.0
        ]
    ],
    "dist": [
        [
            0.14382207979312617,
            -0.9851192814987014,
            -0.01816875047242335,
            0.011034504043795105,
            1.9833437176538498
        ]
    ]
}
